<?xml version="1.0" encoding="utf-8"?>
<install type="module" version="2.5" method="upgrade">
	<name>Collections</name>
	<creationDate>February 12, 2013</creationDate>
	<author>Matt Thomas</author>
	<authorUrl>http://betweenbrain.com</authorUrl>
	<copyright>Copyright (C) 2012 Matt Thomas. All rights reserved.</copyright>
	<license>GNU General Public License version 2 or later; see LICENSE.txt</license>
	<version>1.0</version>
	<description>MOD_COLLECTIONS_DESC</description>
	<files>
		<filename>mod_collections.xml</filename>
		<filename module="mod_collections">mod_collections.php</filename>
		<filename>index.html</filename>
		<filename>helper.php</filename>
		<folder>elements</folder>
		<folder>tmpl</folder>
	</files>

	<languages>
		<language tag="en-GB">language/en-GB/en-GB.mod_collections.ini</language>
	</languages>

	<params addpath="/modules/mod_collections/elements">
		<param type="diagnostic"/>
		<param name="sometext"
		       type="text"
		       default=""
		       label="MOD_COLLECTIONS_SOMETEXT_LABEL"
		       description="MOD_COLLECTIONS_SOMETEXT_DESC"
		       size="15"/>
		<param name="accessKey"
		       type="text"
		       default=""
		       label="MOD_COLLECTIONS_ACCESS_KEY_LABEL"
		       description="MOD_COLLECTIONS_ACCESS_KEY_DESC"/>
	</params>
	<params group="advanced">
		<param name="cache"
		       type="list"
		       default="0"
		       label="MOD_COLLECTIONS_CACHE_LABEL"
		       description="MOD_COLLECTIONS_CACHE_DESC">
			<option value="0">No</option>
			<option value="1">Yes</option>
		</param>
		<param name="cachemaxage"
		       type="text"
		       default="15"
		       label="MOD_COLLECTIONS_CACHEMAXAGE_LABEL"
		       description="MOD_COLLECTIONS_CACHEMAXAGE_DESC"/>
		<param name="moduleclass_sfx"
		       type="text"
		       default=""
		       label="Module Class Suffix"
		       description="PARAMMODULECLASSSUFFIX"/>
		<param name="displaydiagnostic"
		       type="list"
		       default="0"
		       label="MOD_COLLECTIONS_DISPLAYDIAGNOSTIC_LABEL"
		       description="MOD_COLLECTIONS_DISPLAYDIAGNOSTIC_DESC">
			<option value="0">No</option>
			<option value="1">Yes</option>
		</param>
	</params>
	<params group="other">
		<param type="spacer"
		       default="Some Label"/>
	</params>
</install>
